Workbook

Sheet Summary by day
A1: Voyager Cloud ERP — UI/UX Revamp
A2: Summary by day — for invoicing (6 Aug – 26 Sep 2026)
A4: Date | B4: Focus of the day | C4: Hours
A5: 06/08/2026 | B5: Project kick-off: introduction and overall requirements | C5: =SUMIF(Timesheet!$A$6:$A$103,A5,Timesheet!$C$6:$C$103)
A6: 10/08/2026 | B6: Account verification and KendoReact library evaluation in Figma | C6: =SUMIF(Timesheet!$A$6:$A$103,A6,Timesheet!$C$6:$C$103)
A7: 19/08/2026 | B7: Discovery, measured UX audit (17 findings), project scaffold | C7: =SUMIF(Timesheet!$A$6:$A$103,A7,Timesheet!$C$6:$C$103)
A8: 20/08/2026 | B8: Design system tokens, standard list pattern, Quotations screens | C8: =SUMIF(Timesheet!$A$6:$A$103,A8,Timesheet!$C$6:$C$103)
A9: 21/08/2026 | B9: Full Quotation record: five tabs, BoM Comparison, Run Quotation | C9: =SUMIF(Timesheet!$A$6:$A$103,A9,Timesheet!$C$6:$C$103)
A10: 22/08/2026 | B10: Responsive behaviour, WCAG AA contrast, loading/empty/error states | C10: =SUMIF(Timesheet!$A$6:$A$103,A10,Timesheet!$C$6:$C$103)
A11: 23/08/2026 | B11: Licence-free component layer, control sweep, six defect fixes | C11: =SUMIF(Timesheet!$A$6:$A$103,A11,Timesheet!$C$6:$C$103)
A12: 24/08/2026 | B12: Metadata verification, requirements and PRD, bundle forensics, fidelity restoration | C12: =SUMIF(Timesheet!$A$6:$A$103,A12,Timesheet!$C$6:$C$103)
A13: 25/08/2026 | B13: Design review response, live system research, fidelity corrections | C13: =SUMIF(Timesheet!$A$6:$A$103,A13,Timesheet!$C$6:$C$103)
A14: 26/08/2026 | B14: Live system research, Testing Guideline catalogued, form view completed | C14: =SUMIF(Timesheet!$A$6:$A$103,A14,Timesheet!$C$6:$C$103)
A15: 27/08/2026 | B15: List view completed, defects fixed, KendoReact licence activation document | C15: =SUMIF(Timesheet!$A$6:$A$103,A15,Timesheet!$C$6:$C$103)
A16: 28/08/2026 | B16: Quick Quote and Standard Quote wizards, action bars consolidated | C16: =SUMIF(Timesheet!$A$6:$A$103,A16,Timesheet!$C$6:$C$103)
... A25: 08/09/2026 | B25: Colour roles rolled out, dark mode built and swept, two more KPI summaries | C25: =SUMIF(Timesheet!$A$6:$A$103,A25,Timesheet!$C$6:$C$103)
A26: 09/09/2026
A27: 10/09/2026
A28: 11/09/2026 | B28: Before-and-after screenshots, login redesign, states and a chart defect | C28: =SUMIF(Timesheet!$A$6:$A$103,A28,Timesheet!$C$6:$C$103)
A29: 12/09/2026 | B29: Render check, 44px touch targets app-wide, phone layout, keyboard focus check | C29: =SUMIF(Timesheet!$A$6:$A$103,A29,Timesheet!$C$6:$C$103)
A30: 13/09/2026 | B30: Checks moved into CI, README reconciled, three defects fixed | C30: =SUMIF(Timesheet!$A$6:$A$103,A30,Timesheet!$C$6:$C$103)
A31: 15/09/2026 | B31: Checks clean up after themselves, hover check, client document shortened, phone action row | C31: =SUMIF(Timesheet!$A$6:$A$103,A31,Timesheet!$C$6:$C$103)
A32: 16/09/2026 | B32: The RFQ's related records point at other screens; Historical RFQ names a real RFQ | C32: =SUMIF(Timesheet!$A$6:$A$103,A32,Timesheet!$C$6:$C$103)
A33: 20/09/2026 | B33: Button placement checked against the published standards, and the client document updated | C33: =SUMIF(Timesheet!$A$6:$A$103,A33,Timesheet!$C$6:$C$103)
A34: 26/09/2026 | B34: Logo research and first directions | C34: =SUMIF(Timesheet!$A$6:$A$103,A34,Timesheet!$C$6:$C$103)
B35: TOTAL | C35: =SUM(C5:C34)
A37: This sheet totals the Timesheet tab with SUMIF, so the two cannot disagree. Editing an hour there updates it here.
A38: Hours are estimated from scope. Reconcile against your own record before invoicing. The 28 Aug – 6 Sep entries correspond to work packages WP14–WP23 in docs/worklog.md; 26–27 Aug were already logged.

Sheet Timesheet
A1: Voyager Cloud ERP — UI/UX Revamp
A2: Client: Linh Long Engineering · Consultant: Huyen Nguyen (UI/UX), Precio Fishbone
A3: Work log: 6 August – 26 September 2026
A5: Date | B5: Task Detail | C5: Time Spent (h) | D5: Note
A6: 06/08/2026 | B6: Project kick-off meeting. Introduction to the Voyager Cloud ERP revamp, the client's business context (electronics manufacturing services), and the overall requirements: establish a customised design system, restructure the layout and sitemap to reduce the learning curve, standardise data-table patterns, and identify low-to-medium effort improvements. | C6: 1 | D6: Meeting
A7: 10/08/2026 | B7: Verified access to the client's production environment. Evaluated the KendoReact UI component library in Figma to assess which components could be reused, which would need customisation, and what the licensing position implied for the build. | C7: 1 | D7: Setup / evaluation
A8: 19/08/2026 | B8: Discovery walkthrough of the live production system. Extracted the complete navigation structure from GET /api/account/get/menus — 51 nodes captured verbatim, including group hierarchy, routes and sort sequences — to establish the real information architecture rather than working from screenshots. | C8: 2 | D8: Discovery
A9: 19/08/2026 | B9: UX audit by measurement. Instrumented the rendered DOM on live list screens to capture column widths, text clip ratios and empty-column ratios. Produced 17 findings, each with evidence, business impact and a recommendation. Key results: every data column renders at exactly 108px; the primary part number is clipped in 85% of rows; one permanently empty column occupies the same width as the record identifier. | C9: 2.5 | D9: Deliverable: UX audit
A10: 19/08/2026 | B10: Project scaffold and foundations. Set up the build toolchain and deployment pipeline, the initial design-system primitives, and a synthetic data layer with the column role model that later drives every grid in the prototype. | C10: 2.5 | D10: Setup
A11: 20/08/2026 | B11: Working agreement and GAP register. Documented the collaboration rules for the engagement — what will not be done without evidence, how conflicts are raised, and where open questions are tracked — so decisions remain auditable by the client. | C11: 1 | D11: Governance
A12: 20/08/2026 | B12: Design system token layer. Built the colour, spacing, typography, weight and elevation scales with a single file holding raw values and nothing else, plus a six-token status vocabulary replacing ad-hoc status colours across the system. | C12: 3 | D12: Deliverable: design system
A13: 20/08/2026 | B13: Standard list pattern. One reusable grid providing sorting, search, column visibility, row density and distinct empty, loading and error states. Row virtualisation proven against the Part Master's 21,941 records. | C13: 2.5 | D13: Deliverable: list pattern
A14: 20/08/2026 | B14: Quotations list screen and record page, with routing wired to mirror the production URL structure. | C14: 1.5 | D14: Build
A15: 21/08/2026 | B15: Route alignment. Quotations mirrors the production URL exactly so the prototype and the live system can be opened side by side at the same address for comparison; legacy paths redirect rather than breaking. | C15: 1 | D15: Build
A16: 21/08/2026 | B16: Full Quotation record structure: five tabs (Specific Requirements, Checklists & Assignment, Quotation Result, Conversations, Activity Logs), the BoM Comparison dialog and the Run Quotation wizard. | C16: 5 | D16: Build
A17: 22/08/2026 | B17: UI and UX pass across the prototype. Responsive column behaviour, navigation that fits at every width, and full WCAG AA contrast verification — measured 4.59:1 to 17.81:1, all passing. Added the loading, empty and error states the live system does not distinguish. | C17: 4 | D17: Quality / accessibility
... A103: 26/09/2026 | B103: Logo research: how ERP and electronics-manufacturing brands mark themselves, and first directions for a Voyager IQ mark. | C103: 2 | D103: Research: logo
B104: TOTAL | C104: =SUM(C6:C103)
A106: Notes on this log
A107: • Entries for 06/08 and 10/08 were supplied by the consultant; all other entries are reconstructed from the project's version-control history, which records 152 commits across 19 August – 6 September.
A108: • Hours are an estimate of the effort each task represents. Version control records when work was committed, not how long it took, so these figures should be reconciled against the consultant's own record before invoicing.
A109: • Three entries are marked as risk avoided rather than features delivered. The metadata verification (24/08) caught option lists that would have caused the built system to reject valid user input. The bundle forensics (24/08) recovered specifications for features that would otherwise have been rebuilt from guesswork. The requirements decisions (24/08) avoid a change-management cost across 51 screens and every current user. Two later entries carry the same mark: the export-control field (27/08), which was rendering as a label instead of restricting access, and the component sweep of 31/08, corrected after its own method proved unable to detect one of the components it reported on.
A110: • The prototype now uses KendoReact. The line this replaces said the opposite, and was true when written: no licence existed. The key arrived on 31/08, and the client then chose Kendo so the mockup would not look unlike the system their staff already use. Three component families were deliberately not migrated, each for a stated reason.
A111: • Layout and user experience are done. The colour system was set on 7 September; logo and visual identity started on 26 September.
A113: • Correction, 07/09: the 26/08 and 27/08 entries had been appended BELOW this notes block and were excluded from the total and from the Summary tab, understating the log by 19.5 hours. They are now in the table above, unchanged, and both totals cover every row.
A114: • Update, 26/09: entries for 7–26 September added, reconstructed from version control (84 commits across 7–20 September). Colour and dark mode are done; logo work started 26/09.
